{
  "id": "",
  "name": "",
  "font_family": "iconfont",
  "css_prefix_text": "icon-",
  "description": "",
  "glyphs": [
    {
      "icon_id": "26282",
      "name": "news",
      "font_class": "news",
      "unicode": "e6a3",
      "unicode_decimal": 59043
    },
    {
      "icon_id": "2768579",
      "name": "menu",
      "font_class": "menu",
      "unicode": "e60f",
      "unicode_decimal": 58895
    },
    {
      "icon_id": "3923019",
      "name": "back",
      "font_class": "back",
      "unicode": "e617",
      "unicode_decimal": 58903
    },
    {
      "icon_id": "6654507",
      "name": "card-hero",
      "font_class": "card-hero",
      "unicode": "e61f",
      "unicode_decimal": 58911
    },
    {
      "icon_id": "8329823",
      "name": "Menu",
      "font_class": "Menu",
      "unicode": "e664",
      "unicode_decimal": 58980
    }
  ]
}
